home_team,away_team,season,prediction,prediction_letter,prob_home,prob_draw,prob_away
Watford,AFC Bournemouth,2017-2018,Home,H,0.3699464499950409,0.26660987734794617,0.36344364285469055
Watford,Leicester City,2017-2018,Home,H,0.38654813170433044,0.2987740933895111,0.31467780470848083
Watford,Manchester United,2017-2018,Away,A,0.24437323212623596,0.23696449398994446,0.5186622738838196
Watford,Burnley,2017-2018,Home,H,0.42659610509872437,0.3110226094722748,0.2623812258243561
Watford,Brighton and Hove Albion,2017-2018,Home,H,0.5077029466629028,0.2234707623720169,0.26882627606391907
Watford,Manchester City,2017-2018,Away,A,0.21700018644332886,0.22139960527420044,0.5616002082824707
Watford,Everton,2017-2018,Away,A,0.30316394567489624,0.2827272117137909,0.41410884261131287
Watford,West Bromwich Albion,2017-2018,Home,H,0.43441033363342285,0.2994716763496399,0.2661179304122925
Watford,Huddersfield Town,2017-2018,Home,H,0.5077029466629028,0.2234707623720169,0.26882627606391907
Watford,Newcastle United,2017-2018,Home,H,0.41359758377075195,0.3005616366863251,0.2858407199382782
Watford,Arsenal,2017-2018,Away,A,0.22404828667640686,0.22410660982131958,0.5518450736999512
Watford,Swansea City,2017-2018,Home,H,0.4158891439437866,0.2653287947177887,0.3187820315361023
Watford,Liverpool,2017-2018,Away,A,0.2157842218875885,0.2145654857158661,0.5696502327919006
Watford,Tottenham Hotspur,2017-2018,Away,A,0.21604019403457642,0.22084492444992065,0.5631149411201477
Watford,Chelsea,2017-2018,Away,A,0.24056978523731232,0.22303777933120728,0.5363924503326416
Watford,Crystal Palace,2017-2018,Home,H,0.39926663041114807,0.28259217739105225,0.31814122200012207
Watford,Southampton,2017-2018,Away,A,0.31657275557518005,0.26140525937080383,0.4220220446586609
Watford,West Ham United,2017-2018,Home,H,0.3986092805862427,0.28913193941116333,0.312258780002594
Watford,Stoke City,2017-2018,Home,H,0.3901488780975342,0.3160906434059143,0.2937604784965515
AFC Bournemouth,Watford,2017-2018,Home,H,0.522551417350769,0.25295960903167725,0.2244889736175537
AFC Bournemouth,Leicester City,2017-2018,Home,H,0.4485693871974945,0.2949661910533905,0.2564643919467926
AFC Bournemouth,Manchester United,2017-2018,Away,A,0.28660133481025696,0.2494376003742218,0.46396109461784363
AFC Bournemouth,Burnley,2017-2018,Home,H,0.5075215101242065,0.2815307378768921,0.21094772219657898
AFC Bournemouth,Brighton and Hove Albion,2017-2018,Home,H,0.6021546125411987,0.19639097154140472,0.20145441591739655
AFC Bournemouth,Manchester City,2017-2018,Away,A,0.23646849393844604,0.23279529809951782,0.5307362079620361
AFC Bournemouth,Everton,2017-2018,Home,H,0.3860090374946594,0.2921042740345001,0.3218866288661957
AFC Bournemouth,West Bromwich Albion,2017-2018,Home,H,0.4959677457809448,0.28917360305786133,0.21485860645771027
AFC Bournemouth,Huddersfield Town,2017-2018,Home,H,0.6021546125411987,0.19639097154140472,0.20145441591739655
AFC Bournemouth,Newcastle United,2017-2018,Home,H,0.48175516724586487,0.27379220724105835,0.24445264041423798
AFC Bournemouth,Arsenal,2017-2018,Away,A,0.2570904791355133,0.2629854083061218,0.47992417216300964
AFC Bournemouth,Swansea City,2017-2018,Home,H,0.45498502254486084,0.2788058817386627,0.2662091553211212
AFC Bournemouth,Liverpool,2017-2018,Away,A,0.23673562705516815,0.23967571556568146,0.5235886573791504
AFC Bournemouth,Tottenham Hotspur,2017-2018,Away,A,0.24472279846668243,0.2411402314901352,0.5141369700431824
AFC Bournemouth,Chelsea,2017-2018,Away,A,0.2787141799926758,0.2370193600654602,0.48426640033721924
AFC Bournemouth,Crystal Palace,2017-2018,Home,H,0.4527663290500641,0.28298521041870117,0.26424846053123474
AFC Bournemouth,Southampton,2017-2018,Home,H,0.37884920835494995,0.2819436192512512,0.3392072021961212
AFC Bournemouth,West Ham United,2017-2018,Home,H,0.479434072971344,0.27191299200057983,0.24865299463272095
AFC Bournemouth,Stoke City,2017-2018,Home,H,0.4885750114917755,0.27080652117729187,0.2406185269355774
Leicester City,Watford,2017-2018,Home,H,0.4495406448841095,0.2976847290992737,0.2527746558189392
Leicester City,AFC Bournemouth,2017-2018,Home,H,0.38386043906211853,0.2730633020401001,0.34307625889778137
Leicester City,Manchester United,2017-2018,Away,A,0.2631336450576782,0.23129597306251526,0.5055704116821289
Leicester City,Burnley,2017-2018,Home,H,0.444808691740036,0.3056173026561737,0.2495739609003067
Leicester City,Brighton and Hove Albion,2017-2018,Home,H,0.5254046320915222,0.21545098721981049,0.2591443359851837
Leicester City,Manchester City,2017-2018,Away,A,0.2261829376220703,0.22238974273204803,0.5514273047447205
Leicester City,Everton,2017-2018,Away,A,0.34208473563194275,0.2723281681537628,0.38558703660964966
Leicester City,West Bromwich Albion,2017-2018,Home,H,0.4299522340297699,0.3169134259223938,0.2531343400478363
Leicester City,Huddersfield Town,2017-2018,Home,H,0.5254046320915222,0.21545098721981049,0.2591443359851837
Leicester City,Newcastle United,2017-2018,Home,H,0.42938026785850525,0.29051923751831055,0.2801004946231842
Leicester City,Arsenal,2017-2018,Away,A,0.2425106316804886,0.22779814898967743,0.529691219329834
Leicester City,Swansea City,2017-2018,Home,H,0.41627752780914307,0.2651817202568054,0.3185408115386963
Leicester City,Liverpool,2017-2018,Away,A,0.22723811864852905,0.2266494184732437,0.5461124777793884
Leicester City,Tottenham Hotspur,2017-2018,Away,A,0.22184163331985474,0.2381283938884735,0.5400300025939941
Leicester City,Chelsea,2017-2018,Away,A,0.2498389631509781,0.22636862099170685,0.5237923860549927
Leicester City,Crystal Palace,2017-2018,Home,H,0.40818968415260315,0.28466641902923584,0.307143896818161
Leicester City,Southampton,2017-2018,Away,A,0.3388736844062805,0.2734885811805725,0.387637734413147
Leicester City,West Ham United,2017-2018,Home,H,0.4123125672340393,0.2938101589679718,0.2938772737979889
Leicester City,Stoke City,2017-2018,Home,H,0.41013702750205994,0.30269622802734375,0.2871667444705963
Manchester United,Watford,2017-2018,Home,H,0.6345040798187256,0.22526074945926666,0.14023514091968536
Manchester United,AFC Bournemouth,2017-2018,Home,H,0.5421686768531799,0.2937087416648865,0.1641225814819336
Manchester United,Leicester City,2017-2018,Home,H,0.6131262183189392,0.228311225771904,0.1585625261068344
Manchester United,Burnley,2017-2018,Home,H,0.6622452735900879,0.19848380982875824,0.13927093148231506
Manchester United,Brighton and Hove Albion,2017-2018,Home,H,0.6888986229896545,0.18011842668056488,0.13098293542861938
Manchester United,Manchester City,2017-2018,Away,A,0.3480532169342041,0.2861141562461853,0.3658326268196106
Manchester United,Everton,2017-2018,Home,H,0.5211588144302368,0.2882150113582611,0.19062621891498566
Manchester United,West Bromwich Albion,2017-2018,Home,H,0.6490459442138672,0.21786510944366455,0.13308893144130707
Manchester United,Huddersfield Town,2017-2018,Home,H,0.6888986229896545,0.18011842668056488,0.13098293542861938
Manchester United,Newcastle United,2017-2018,Home,H,0.6108701229095459,0.2432832270860672,0.1458466649055481
Manchester United,Arsenal,2017-2018,Home,H,0.402607262134552,0.306376188993454,0.2910165786743164
Manchester United,Swansea City,2017-2018,Home,H,0.595477283000946,0.24976888298988342,0.15475381910800934
Manchester United,Liverpool,2017-2018,Away,A,0.34307774901390076,0.29369720816612244,0.3632250130176544
Manchester United,Tottenham Hotspur,2017-2018,Home,H,0.359551340341568,0.3320998251438141,0.3083488643169403
Manchester United,Chelsea,2017-2018,Home,H,0.4293879568576813,0.2917931377887726,0.27881893515586853
Manchester United,Crystal Palace,2017-2018,Home,H,0.6075679659843445,0.21939940750598907,0.17303262650966644
Manchester United,Southampton,2017-2018,Home,H,0.5178498029708862,0.27951762080192566,0.20263256132602692
Manchester United,West Ham United,2017-2018,Home,H,0.62660813331604,0.22289608418941498,0.15049581229686737
Manchester United,Stoke City,2017-2018,Home,H,0.6114940643310547,0.23715730011463165,0.15134868025779724
Burnley,Watford,2017-2018,Home,H,0.4238607585430145,0.2896057367324829,0.2865334451198578
Burnley,AFC Bournemouth,2017-2018,Home,H,0.393392413854599,0.25031450390815735,0.35629308223724365
Burnley,Leicester City,2017-2018,Home,H,0.38001206517219543,0.27984702587127686,0.3401409089565277
Burnley,Manchester United,2017-2018,Away,A,0.26611363887786865,0.22592124342918396,0.5079651474952698
Burnley,Brighton and Hove Albion,2017-2018,Home,H,0.5097537040710449,0.2223256528377533,0.26792067289352417
Burnley,Manchester City,2017-2018,Away,A,0.22293151915073395,0.21513958275318146,0.561928927898407
Burnley,Everton,2017-2018,Away,A,0.3147853910923004,0.2751327157020569,0.4100819230079651
Burnley,West Bromwich Albion,2017-2018,Home,H,0.41190996766090393,0.3100894093513489,0.2780006229877472
Burnley,Huddersfield Town,2017-2018,Home,H,0.5097537040710449,0.2223256528377533,0.26792067289352417
Burnley,Newcastle United,2017-2018,Home,H,0.426509290933609,0.27950018644332886,0.29399046301841736
Burnley,Arsenal,2017-2018,Away,A,0.24365437030792236,0.21872438490390778,0.537621259689331
Burnley,Swansea City,2017-2018,Home,H,0.4357920289039612,0.2490992248058319,0.3151087462902069
Burnley,Liverpool,2017-2018,Away,A,0.22297030687332153,0.21435220539569855,0.5626775026321411
Burnley,Tottenham Hotspur,2017-2018,Away,A,0.21575269103050232,0.22194001078605652,0.5623072981834412
Burnley,Chelsea,2017-2018,Away,A,0.24597316980361938,0.21688443422317505,0.5371423959732056
Burnley,Crystal Palace,2017-2018,Home,H,0.40080103278160095,0.26881229877471924,0.3303866684436798
Burnley,Southampton,2017-2018,Away,A,0.3456423878669739,0.2513439655303955,0.4030136466026306
Burnley,West Ham United,2017-2018,Home,H,0.3894173800945282,0.2929953932762146,0.3175872266292572
Burnley,Stoke City,2017-2018,Home,H,0.37548404932022095,0.2934493124485016,0.33106663823127747
Brighton and Hove Albion,Watford,2017-2018,Home,H,0.4475875496864319,0.29160818457603455,0.26080429553985596
Brighton and Hove Albion,AFC Bournemouth,2017-2018,Home,H,0.42983344197273254,0.28346937894821167,0.2866972088813782
Brighton and Hove Albion,Leicester City,2017-2018,Home,H,0.40428632497787476,0.2991126775741577,0.29660099744796753
Brighton and Hove Albion,Manchester United,2017-2018,Away,A,0.2680204510688782,0.2406199425458908,0.4913596510887146
Brighton and Hove Albion,Burnley,2017-2018,Home,H,0.4048037827014923,0.32725030183792114,0.2679459750652313
Brighton and Hove Albion,Manchester City,2017-2018,Away,A,0.2231181263923645,0.2412208914756775,0.535660982131958
Brighton and Hove Albion,Everton,2017-2018,Home,H,0.3429107069969177,0.3150445520877838,0.3420447111129761
Brighton and Hove Albion,West Bromwich Albion,2017-2018,Home,H,0.40537065267562866,0.3524741530418396,0.24215516448020935
Brighton and Hove Albion,Huddersfield Town,2017-2018,Home,H,0.48340344429016113,0.2934321165084839,0.22316451370716095
Brighton and Hove Albion,Newcastle United,2017-2018,Home,H,0.43027883768081665,0.3294183611869812,0.24030278623104095
Brighton and Hove Albion,Arsenal,2017-2018,Away,A,0.23067110776901245,0.2389853596687317,0.5303435325622559
Brighton and Hove Albion,Swansea City,2017-2018,Home,H,0.4637640118598938,0.2757894694805145,0.2604465186595917
Brighton and Hove Albion,Liverpool,2017-2018,Away,A,0.21682465076446533,0.23010903596878052,0.5530663132667542
Brighton and Hove Albion,Tottenham Hotspur,2017-2018,Away,A,0.21427865326404572,0.24529385566711426,0.5404274463653564
Brighton and Hove Albion,Chelsea,2017-2018,Away,A,0.25094375014305115,0.2402237504720688,0.5088325142860413
Brighton and Hove Albion,Crystal Palace,2017-2018,Home,H,0.40934067964553833,0.28058651089668274,0.31007280945777893
Brighton and Hove Albion,Southampton,2017-2018,Home,H,0.3699403703212738,0.2710881531238556,0.3589714765548706
Brighton and Hove Albion,West Ham United,2017-2018,Home,H,0.4345378875732422,0.287903755903244,0.2775583863258362
Brighton and Hove Albion,Stoke City,2017-2018,Home,H,0.4012373089790344,0.31464508175849915,0.2841176390647888
Manchester City,Watford,2017-2018,Home,H,0.6778019070625305,0.18527726829051971,0.13692079484462738
Manchester City,AFC Bournemouth,2017-2018,Home,H,0.6410096883773804,0.21194574236869812,0.1470445692539215
Manchester City,Leicester City,2017-2018,Home,H,0.6652736067771912,0.18878571689128876,0.14594070613384247
Manchester City,Manchester United,2017-2018,Home,H,0.5344842076301575,0.25582435727119446,0.20969140529632568
Manchester City,Burnley,2017-2018,Home,H,0.6809178590774536,0.18868955969810486,0.13039256632328033
Manchester City,Brighton and Hove Albion,2017-2018,Home,H,0.7092966437339783,0.17260028421878815,0.11810309439897537
Manchester City,Everton,2017-2018,Home,H,0.6066036820411682,0.2320151925086975,0.16138114035129547
Manchester City,West Bromwich Albion,2017-2018,Home,H,0.6859704256057739,0.18393170833587646,0.13009785115718842
Manchester City,Huddersfield Town,2017-2018,Home,H,0.7092966437339783,0.17260028421878815,0.11810309439897537
Manchester City,Newcastle United,2017-2018,Home,H,0.6651186943054199,0.19270585477352142,0.14217546582221985
Manchester City,Arsenal,2017-2018,Home,H,0.484314501285553,0.29434868693351746,0.22133676707744598
Manchester City,Swansea City,2017-2018,Home,H,0.6716902852058411,0.18650399148464203,0.1418057382106781
Manchester City,Liverpool,2017-2018,Home,H,0.462005615234375,0.290963351726532,0.247031107544899
Manchester City,Tottenham Hotspur,2017-2018,Home,H,0.43965786695480347,0.3099731504917145,0.25036895275115967
Manchester City,Chelsea,2017-2018,Home,H,0.5383337736129761,0.25207483768463135,0.20959140360355377
Manchester City,Crystal Palace,2017-2018,Home,H,0.6451831459999084,0.19686606526374817,0.15795081853866577
Manchester City,Southampton,2017-2018,Home,H,0.6107858419418335,0.20344047248363495,0.18577365577220917
Manchester City,West Ham United,2017-2018,Home,H,0.6648022532463074,0.19771377742290497,0.13748396933078766
Manchester City,Stoke City,2017-2018,Home,H,0.6689665913581848,0.19055891036987305,0.14047454297542572
Everton,Watford,2017-2018,Home,H,0.5527870655059814,0.27557069063186646,0.1716422736644745
Everton,AFC Bournemouth,2017-2018,Home,H,0.4748479723930359,0.3020418882369995,0.2231101393699646
Everton,Leicester City,2017-2018,Home,H,0.5091404318809509,0.29691269993782043,0.19394685328006744
Everton,Manchester United,2017-2018,Away,A,0.3321618437767029,0.28400641679763794,0.3838317394256592
Everton,Burnley,2017-2018,Home,H,0.5660189986228943,0.2746317386627197,0.15934927761554718
Everton,Brighton and Hove Albion,2017-2018,Home,H,0.6385382413864136,0.2131471484899521,0.14831459522247314
Everton,Manchester City,2017-2018,Away,A,0.27910998463630676,0.2578584551811218,0.4630315899848938
Everton,West Bromwich Albion,2017-2018,Home,H,0.5699020028114319,0.26889413595199585,0.16120387613773346
Everton,Huddersfield Town,2017-2018,Home,H,0.6385382413864136,0.2131471484899521,0.14831459522247314
Everton,Newcastle United,2017-2018,Home,H,0.5284247398376465,0.2872298061847687,0.18434543907642365
Everton,Arsenal,2017-2018,Away,A,0.2998180687427521,0.2863519489765167,0.4138299524784088
Everton,Swansea City,2017-2018,Home,H,0.49948787689208984,0.2937159240245819,0.20679619908332825
Everton,Liverpool,2017-2018,Away,A,0.2806246280670166,0.25471073389053345,0.46466466784477234
Everton,Tottenham Hotspur,2017-2018,Away,A,0.2835141718387604,0.2769583761692047,0.4395274817943573
Everton,Chelsea,2017-2018,Away,A,0.33671605587005615,0.27216801047325134,0.39111587405204773
Everton,Crystal Palace,2017-2018,Home,H,0.4872206747531891,0.29144275188446045,0.22133655846118927
Everton,Southampton,2017-2018,Home,H,0.43420013785362244,0.2848300635814667,0.2809697687625885
Everton,West Ham United,2017-2018,Home,H,0.5277262926101685,0.2855445146560669,0.18672920763492584
Everton,Stoke City,2017-2018,Home,H,0.523622989654541,0.2820795178413391,0.19429747760295868
West Bromwich Albion,Watford,2017-2018,Home,H,0.44400760531425476,0.28060486912727356,0.2753875255584717
West Bromwich Albion,AFC Bournemouth,2017-2018,Home,H,0.4130462408065796,0.2651033103466034,0.32185041904449463
West Bromwich Albion,Leicester City,2017-2018,Home,H,0.38878899812698364,0.2959463596343994,0.31526467204093933
West Bromwich Albion,Manchester United,2017-2018,Away,A,0.2725164294242859,0.23063692450523376,0.49684667587280273
West Bromwich Albion,Burnley,2017-2018,Home,H,0.4498126804828644,0.29844748973846436,0.2517397999763489
West Bromwich Albion,Brighton and Hove Albion,2017-2018,Home,H,0.5219531655311584,0.23618318140506744,0.2418636828660965
West Bromwich Albion,Manchester City,2017-2018,Away,A,0.23152199387550354,0.21469487249851227,0.553783118724823
West Bromwich Albion,Everton,2017-2018,Away,A,0.3378292918205261,0.28668856620788574,0.37548214197158813
West Bromwich Albion,Huddersfield Town,2017-2018,Home,H,0.5219531655311584,0.23618318140506744,0.2418636828660965
West Bromwich Albion,Newcastle United,2017-2018,Home,H,0.4384830594062805,0.2846585810184479,0.2768583297729492
West Bromwich Albion,Arsenal,2017-2018,Away,A,0.2461395114660263,0.2175350785255432,0.5363253951072693
West Bromwich Albion,Swansea City,2017-2018,Home,H,0.44561031460762024,0.2581356167793274,0.29625403881073
West Bromwich Albion,Liverpool,2017-2018,Away,A,0.2326364517211914,0.21184909343719482,0.5555144548416138
West Bromwich Albion,Tottenham Hotspur,2017-2018,Away,A,0.22416004538536072,0.22174948453903198,0.5540904998779297
West Bromwich Albion,Chelsea,2017-2018,Away,A,0.2662532329559326,0.21459640562534332,0.5191503763198853
West Bromwich Albion,Crystal Palace,2017-2018,Home,H,0.4106769561767578,0.26679250597953796,0.3225305378437042
West Bromwich Albion,Southampton,2017-2018,Away,A,0.35413432121276855,0.2662085294723511,0.37965720891952515
West Bromwich Albion,West Ham United,2017-2018,Home,H,0.4040345549583435,0.29760491847991943,0.29836052656173706
West Bromwich Albion,Stoke City,2017-2018,Home,H,0.4032854437828064,0.2978627681732178,0.29885175824165344
Huddersfield Town,Watford,2017-2018,Home,H,0.4475875496864319,0.29160818457603455,0.26080429553985596
Huddersfield Town,AFC Bournemouth,2017-2018,Home,H,0.42983344197273254,0.28346937894821167,0.2866972088813782
Huddersfield Town,Leicester City,2017-2018,Home,H,0.40428632497787476,0.2991126775741577,0.29660099744796753
Huddersfield Town,Manchester United,2017-2018,Away,A,0.2680204510688782,0.2406199425458908,0.4913596510887146
Huddersfield Town,Burnley,2017-2018,Home,H,0.4048037827014923,0.32725030183792114,0.2679459750652313
Huddersfield Town,Brighton and Hove Albion,2017-2018,Home,H,0.48340344429016113,0.2934321165084839,0.22316451370716095
Huddersfield Town,Manchester City,2017-2018,Away,A,0.2231181263923645,0.2412208914756775,0.535660982131958
Huddersfield Town,Everton,2017-2018,Home,H,0.3429107069969177,0.3150445520877838,0.3420447111129761
Huddersfield Town,West Bromwich Albion,2017-2018,Home,H,0.40537065267562866,0.3524741530418396,0.24215516448020935
Huddersfield Town,Newcastle United,2017-2018,Home,H,0.43027883768081665,0.3294183611869812,0.24030278623104095
Huddersfield Town,Arsenal,2017-2018,Away,A,0.23067110776901245,0.2389853596687317,0.5303435325622559
Huddersfield Town,Swansea City,2017-2018,Home,H,0.4637640118598938,0.2757894694805145,0.2604465186595917
Huddersfield Town,Liverpool,2017-2018,Away,A,0.21682465076446533,0.23010903596878052,0.5530663132667542
Huddersfield Town,Tottenham Hotspur,2017-2018,Away,A,0.21427865326404572,0.24529385566711426,0.5404274463653564
Huddersfield Town,Chelsea,2017-2018,Away,A,0.25094375014305115,0.2402237504720688,0.5088325142860413
Huddersfield Town,Crystal Palace,2017-2018,Home,H,0.40934067964553833,0.28058651089668274,0.31007280945777893
Huddersfield Town,Southampton,2017-2018,Home,H,0.3699403703212738,0.2710881531238556,0.3589714765548706
Huddersfield Town,West Ham United,2017-2018,Home,H,0.4345378875732422,0.287903755903244,0.2775583863258362
Huddersfield Town,Stoke City,2017-2018,Home,H,0.4012373089790344,0.31464508175849915,0.2841176390647888
Newcastle United,Watford,2017-2018,Home,H,0.4295923709869385,0.31187453866004944,0.2585330903530121
Newcastle United,AFC Bournemouth,2017-2018,Home,H,0.3833600580692291,0.2859584391117096,0.33068153262138367
Newcastle United,Leicester City,2017-2018,Home,H,0.3873498737812042,0.3111759424209595,0.3014742136001587
Newcastle United,Manchester United,2017-2018,Away,A,0.24564151465892792,0.23680342733860016,0.5175550580024719
Newcastle United,Burnley,2017-2018,Home,H,0.45113441348075867,0.3109966218471527,0.2378690242767334
Newcastle United,Brighton and Hove Albion,2017-2018,Home,H,0.5283594131469727,0.2134294956922531,0.25821107625961304
Newcastle United,Manchester City,2017-2018,Away,A,0.21118322014808655,0.22373133897781372,0.5650854706764221
Newcastle United,Everton,2017-2018,Away,A,0.3155492842197418,0.2886090874671936,0.3958415985107422
Newcastle United,West Bromwich Albion,2017-2018,Home,H,0.44712549448013306,0.3041837513446808,0.24869075417518616
Newcastle United,Huddersfield Town,2017-2018,Home,H,0.5283594131469727,0.2134294956922531,0.25821107625961304
Newcastle United,Arsenal,2017-2018,Away,A,0.22510285675525665,0.22461296617984772,0.550284206867218
Newcastle United,Swansea City,2017-2018,Home,H,0.4377185106277466,0.27926304936408997,0.28301846981048584
Newcastle United,Liverpool,2017-2018,Away,A,0.2187255620956421,0.2277514785528183,0.5535229444503784
Newcastle United,Tottenham Hotspur,2017-2018,Away,A,0.20986051857471466,0.23430410027503967,0.5558353662490845
Newcastle United,Chelsea,2017-2018,Away,A,0.23861980438232422,0.22542235255241394,0.5359578728675842
Newcastle United,Crystal Palace,2017-2018,Home,H,0.40599891543388367,0.2879520058631897,0.3060491383075714
Newcastle United,Southampton,2017-2018,Away,A,0.3308650851249695,0.26452526450157166,0.40460968017578125
Newcastle United,West Ham United,2017-2018,Home,H,0.4125460684299469,0.2907280921936035,0.296725869178772
Newcastle United,Stoke City,2017-2018,Home,H,0.3941313326358795,0.3183693289756775,0.2874993085861206
Arsenal,Watford,2017-2018,Home,H,0.6328392028808594,0.20869486033916473,0.15846595168113708
Arsenal,AFC Bournemouth,2017-2018,Home,H,0.5819951891899109,0.2548687160015106,0.1631360948085785
Arsenal,Leicester City,2017-2018,Home,H,0.6179438829421997,0.21431593596935272,0.16774019598960876
Arsenal,Manchester United,2017-2018,Home,H,0.46009546518325806,0.28287473320961,0.25702980160713196
Arsenal,Burnley,2017-2018,Home,H,0.642326295375824,0.2039254605770111,0.1537482738494873
Arsenal,Brighton and Hove Albion,2017-2018,Home,H,0.6721146702766418,0.18521806597709656,0.1426672637462616
Arsenal,Manchester City,2017-2018,Home,H,0.3710424602031708,0.30707836151123047,0.32187923789024353
Arsenal,Everton,2017-2018,Home,H,0.5470852851867676,0.2721800208091736,0.18073469400405884
Arsenal,West Bromwich Albion,2017-2018,Home,H,0.6495988368988037,0.1947355419397354,0.15566565096378326
Arsenal,Huddersfield Town,2017-2018,Home,H,0.6721146702766418,0.18521806597709656,0.1426672637462616
Arsenal,Newcastle United,2017-2018,Home,H,0.6166784763336182,0.2192065566778183,0.16411493718624115
Arsenal,Swansea City,2017-2018,Home,H,0.5931875705718994,0.24444027245044708,0.1623721420764923
Arsenal,Liverpool,2017-2018,Home,H,0.386011004447937,0.3054554760456085,0.30853354930877686
Arsenal,Tottenham Hotspur,2017-2018,Home,H,0.37131959199905396,0.32438337802886963,0.30429700016975403
Arsenal,Chelsea,2017-2018,Home,H,0.4360184967517853,0.3092939555644989,0.2546875476837158
Arsenal,Crystal Palace,2017-2018,Home,H,0.6014066934585571,0.21239285171031952,0.18620041012763977
Arsenal,Southampton,2017-2018,Home,H,0.5232056379318237,0.2649421989917755,0.21185219287872314
Arsenal,West Ham United,2017-2018,Home,H,0.6027950644493103,0.2403581291437149,0.1568467766046524
Arsenal,Stoke City,2017-2018,Home,H,0.6122904419898987,0.21710392832756042,0.1706056296825409
Swansea City,Watford,2017-2018,Home,H,0.4294579029083252,0.2911001741886139,0.27944186329841614
Swansea City,AFC Bournemouth,2017-2018,Home,H,0.3903058171272278,0.2837047576904297,0.32598939538002014
Swansea City,Leicester City,2017-2018,Home,H,0.3982279896736145,0.3057584762573242,0.29601356387138367
Swansea City,Manchester United,2017-2018,Away,A,0.23878267407417297,0.24809303879737854,0.5131242871284485
Swansea City,Burnley,2017-2018,Home,H,0.43073341250419617,0.31722012162208557,0.25204646587371826
Swansea City,Brighton and Hove Albion,2017-2018,Home,H,0.49954700469970703,0.22774557769298553,0.27270740270614624
Swansea City,Manchester City,2017-2018,Away,A,0.20284685492515564,0.22644826769828796,0.5707048773765564
Swansea City,Everton,2017-2018,Away,A,0.3326277732849121,0.2886601686477661,0.37871211767196655
Swansea City,West Bromwich Albion,2017-2018,Home,H,0.43066802620887756,0.3137669563293457,0.25556498765945435
Swansea City,Huddersfield Town,2017-2018,Home,H,0.49954700469970703,0.22774557769298553,0.27270740270614624
Swansea City,Newcastle United,2017-2018,Home,H,0.4102173149585724,0.3037470877170563,0.28603553771972656
Swansea City,Arsenal,2017-2018,Away,A,0.21410013735294342,0.2427459955215454,0.5431538820266724
Swansea City,Liverpool,2017-2018,Away,A,0.20396937429904938,0.2231816202402115,0.5728490352630615
Swansea City,Tottenham Hotspur,2017-2018,Away,A,0.20705267786979675,0.23102208971977234,0.5619252324104309
Swansea City,Chelsea,2017-2018,Away,A,0.23460818827152252,0.2351658195257187,0.5302259922027588
Swansea City,Crystal Palace,2017-2018,Home,H,0.3946947157382965,0.29952818155288696,0.3057771623134613
Swansea City,Southampton,2017-2018,Away,A,0.3294250965118408,0.2682231664657593,0.4023517370223999
Swansea City,West Ham United,2017-2018,Home,H,0.3923438489437103,0.2923873960971832,0.31526878476142883
Swansea City,Stoke City,2017-2018,Home,H,0.4002169966697693,0.29757359623908997,0.30220940709114075
Liverpool,Watford,2017-2018,Home,H,0.6889623999595642,0.18172383308410645,0.12931376695632935
Liverpool,AFC Bournemouth,2017-2018,Home,H,0.6199756264686584,0.2350892424583435,0.14493516087532043
Liverpool,Leicester City,2017-2018,Home,H,0.6586863994598389,0.2072226107120514,0.13409100472927094
Liverpool,Manchester United,2017-2018,Home,H,0.49807122349739075,0.30103209614753723,0.2008967101573944
Liverpool,Burnley,2017-2018,Home,H,0.6744970679283142,0.19603359699249268,0.1294693499803543
Liverpool,Brighton and Hove Albion,2017-2018,Home,H,0.7085748910903931,0.1711738556623459,0.12025125324726105
Liverpool,Manchester City,2017-2018,Home,H,0.3906949460506439,0.3544609248638153,0.25484412908554077
Liverpool,Everton,2017-2018,Home,H,0.5736766457557678,0.2722361981868744,0.1540871262550354
Liverpool,West Bromwich Albion,2017-2018,Home,H,0.6765723824501038,0.1953527331352234,0.12807489931583405
Liverpool,Huddersfield Town,2017-2018,Home,H,0.7085748910903931,0.1711738556623459,0.12025125324726105
Liverpool,Newcastle United,2017-2018,Home,H,0.6849519610404968,0.17977659404277802,0.13527141511440277
Liverpool,Arsenal,2017-2018,Home,H,0.4795236885547638,0.31418347358703613,0.20629283785820007
Liverpool,Swansea City,2017-2018,Home,H,0.6680935025215149,0.20167763531208038,0.13022883236408234
Liverpool,Tottenham Hotspur,2017-2018,Home,H,0.3946699798107147,0.3542355000972748,0.2510945498943329
Liverpool,Chelsea,2017-2018,Home,H,0.49944761395454407,0.3081088364124298,0.19244354963302612
Liverpool,Crystal Palace,2017-2018,Home,H,0.6476082801818848,0.21419137716293335,0.1382003277540207
Liverpool,Southampton,2017-2018,Home,H,0.5892657041549683,0.2366269826889038,0.17410732805728912
Liverpool,West Ham United,2017-2018,Home,H,0.6871976852416992,0.18255268037319183,0.13024963438510895
Liverpool,Stoke City,2017-2018,Home,H,0.6708669662475586,0.19387082755565643,0.1352621465921402
Tottenham Hotspur,Watford,2017-2018,Home,H,0.7066810131072998,0.1720896065235138,0.12122942507266998
Tottenham Hotspur,AFC Bournemouth,2017-2018,Home,H,0.6612769961357117,0.19918860495090485,0.1395343840122223
Tottenham Hotspur,Leicester City,2017-2018,Home,H,0.6911238431930542,0.17833755910396576,0.13053864240646362
Tottenham Hotspur,Manchester United,2017-2018,Home,H,0.5322503447532654,0.26639896631240845,0.20135067403316498
Tottenham Hotspur,Burnley,2017-2018,Home,H,0.6889246702194214,0.1869337558746338,0.12414153665304184
Tottenham Hotspur,Brighton and Hove Albion,2017-2018,Home,H,0.7095569372177124,0.1750161498785019,0.11542689800262451
Tottenham Hotspur,Manchester City,2017-2018,Home,H,0.4372962713241577,0.2872016727924347,0.2755020558834076
Tottenham Hotspur,Everton,2017-2018,Home,H,0.6158559918403625,0.22379180788993835,0.1603522151708603
Tottenham Hotspur,West Bromwich Albion,2017-2018,Home,H,0.703698992729187,0.177413210272789,0.11888778954744339
Tottenham Hotspur,Huddersfield Town,2017-2018,Home,H,0.7095569372177124,0.1750161498785019,0.11542689800262451
Tottenham Hotspur,Newcastle United,2017-2018,Home,H,0.6916868686676025,0.1802738755941391,0.12803930044174194
Tottenham Hotspur,Arsenal,2017-2018,Home,H,0.5033547282218933,0.2991184890270233,0.19752682745456696
Tottenham Hotspur,Swansea City,2017-2018,Home,H,0.6793844103813171,0.19348187744617462,0.12713375687599182
Tottenham Hotspur,Liverpool,2017-2018,Home,H,0.4540174901485443,0.29528602957725525,0.2506965100765228
Tottenham Hotspur,Chelsea,2017-2018,Home,H,0.5194702744483948,0.27775636315345764,0.202773317694664
Tottenham Hotspur,Crystal Palace,2017-2018,Home,H,0.6786006689071655,0.17766042053699493,0.14373886585235596
Tottenham Hotspur,Southampton,2017-2018,Home,H,0.6053271293640137,0.21213065087795258,0.18254216015338898
Tottenham Hotspur,West Ham United,2017-2018,Home,H,0.6864802837371826,0.1869274228811264,0.12659232318401337
Tottenham Hotspur,Stoke City,2017-2018,Home,H,0.6790676116943359,0.18829433619976044,0.13263799250125885
Chelsea,Watford,2017-2018,Home,H,0.6371543407440186,0.22441019117832184,0.1384355127811432
Chelsea,AFC Bournemouth,2017-2018,Home,H,0.567726194858551,0.26663443446159363,0.16563929617404938
Chelsea,Leicester City,2017-2018,Home,H,0.610812246799469,0.22616906464099884,0.16301865875720978
Chelsea,Manchester United,2017-2018,Home,H,0.4392101764678955,0.2983110845088959,0.262478768825531
Chelsea,Burnley,2017-2018,Home,H,0.6704849600791931,0.19006237387657166,0.13945269584655762
Chelsea,Brighton and Hove Albion,2017-2018,Home,H,0.69355708360672,0.17772211134433746,0.12872084975242615
Chelsea,Manchester City,2017-2018,Away,A,0.3650059103965759,0.26661524176597595,0.3683789074420929
Chelsea,Everton,2017-2018,Home,H,0.5357284545898438,0.280829519033432,0.18344201147556305
Chelsea,West Bromwich Albion,2017-2018,Home,H,0.6736966967582703,0.19105175137519836,0.1352515071630478
Chelsea,Huddersfield Town,2017-2018,Home,H,0.69355708360672,0.17772211134433746,0.12872084975242615
Chelsea,Newcastle United,2017-2018,Home,H,0.6049893498420715,0.25356340408325195,0.1414472758769989
Chelsea,Arsenal,2017-2018,Home,H,0.4122409224510193,0.29527461528778076,0.29248446226119995
Chelsea,Swansea City,2017-2018,Home,H,0.5974161624908447,0.24582885205745697,0.1567550003528595
Chelsea,Liverpool,2017-2018,Home,H,0.357535183429718,0.2856386601924896,0.35682612657546997
Chelsea,Tottenham Hotspur,2017-2018,Home,H,0.39091354608535767,0.31732437014579773,0.2917621433734894
Chelsea,Crystal Palace,2017-2018,Home,H,0.607154130935669,0.20758670568466187,0.18525919318199158
Chelsea,Southampton,2017-2018,Home,H,0.5099126100540161,0.26552271842956543,0.22456462681293488
Chelsea,West Ham United,2017-2018,Home,H,0.610457181930542,0.2406504899263382,0.1488923281431198
Chelsea,Stoke City,2017-2018,Home,H,0.619225263595581,0.22598178684711456,0.15479294955730438
Crystal Palace,Watford,2017-2018,Home,H,0.44493114948272705,0.2997925579547882,0.25527629256248474
Crystal Palace,AFC Bournemouth,2017-2018,Home,H,0.3898914158344269,0.26782462000846863,0.3422839641571045
Crystal Palace,Leicester City,2017-2018,Home,H,0.4219219386577606,0.29429060220718384,0.28378745913505554
Crystal Palace,Manchester United,2017-2018,Away,A,0.26617828011512756,0.23232907056808472,0.5014926195144653
Crystal Palace,Burnley,2017-2018,Home,H,0.4332820773124695,0.31252723932266235,0.25419068336486816
Crystal Palace,Brighton and Hove Albion,2017-2018,Home,H,0.5331429839134216,0.2210002988576889,0.24585676193237305
Crystal Palace,Manchester City,2017-2018,Away,A,0.22543156147003174,0.24330832064151764,0.5312601327896118
Crystal Palace,Everton,2017-2018,Away,A,0.3509218096733093,0.27040618658065796,0.3786720037460327
Crystal Palace,West Bromwich Albion,2017-2018,Home,H,0.44248026609420776,0.30538469552993774,0.25213509798049927
Crystal Palace,Huddersfield Town,2017-2018,Home,H,0.5331429839134216,0.2210002988576889,0.24585676193237305
Crystal Palace,Newcastle United,2017-2018,Home,H,0.4296052157878876,0.2981811463832855,0.2722136080265045
Crystal Palace,Arsenal,2017-2018,Away,A,0.23998256027698517,0.23402974009513855,0.5259876847267151
Crystal Palace,Swansea City,2017-2018,Home,H,0.42747366428375244,0.27636268734931946,0.2961637079715729
Crystal Palace,Liverpool,2017-2018,Away,A,0.22993770241737366,0.22831861674785614,0.5417436361312866
Crystal Palace,Tottenham Hotspur,2017-2018,Away,A,0.22821103036403656,0.2384534329175949,0.5333355665206909
Crystal Palace,Chelsea,2017-2018,Away,A,0.2536187171936035,0.23266299068927765,0.51371830701828
Crystal Palace,Southampton,2017-2018,Away,A,0.34318554401397705,0.2656921446323395,0.39112234115600586
Crystal Palace,West Ham United,2017-2018,Home,H,0.43348991870880127,0.2800314128398895,0.2864786386489868
Crystal Palace,Stoke City,2017-2018,Home,H,0.4167135953903198,0.30051741003990173,0.28276899456977844
Southampton,Watford,2017-2018,Home,H,0.526694655418396,0.280513197183609,0.192792147397995
Southampton,AFC Bournemouth,2017-2018,Home,H,0.46595683693885803,0.2887292206287384,0.24531394243240356
Southampton,Leicester City,2017-2018,Home,H,0.48027369379997253,0.28176671266555786,0.237959623336792
Southampton,Manchester United,2017-2018,Away,A,0.31344074010849,0.25174665451049805,0.43481263518333435
Southampton,Burnley,2017-2018,Home,H,0.5496026277542114,0.26314401626586914,0.18725335597991943
Southampton,Brighton and Hove Albion,2017-2018,Home,H,0.617690920829773,0.19267764687538147,0.18963144719600677
Southampton,Manchester City,2017-2018,Away,A,0.2698601186275482,0.23415201902389526,0.4959878623485565
Southampton,Everton,2017-2018,Home,H,0.4152422547340393,0.2945016920566559,0.29025599360466003
Southampton,West Bromwich Albion,2017-2018,Home,H,0.5225920081138611,0.2804425060749054,0.19696545600891113
Southampton,Huddersfield Town,2017-2018,Home,H,0.617690920829773,0.19267764687538147,0.18963144719600677
Southampton,Newcastle United,2017-2018,Home,H,0.5130161643028259,0.2799626886844635,0.20702116191387177
Southampton,Arsenal,2017-2018,Away,A,0.2874998152256012,0.2453315705060959,0.4671686291694641
Southampton,Swansea City,2017-2018,Home,H,0.4850761294364929,0.28695252537727356,0.22797131538391113
Southampton,Liverpool,2017-2018,Away,A,0.26985877752304077,0.23043192923069,0.49970924854278564
Southampton,Tottenham Hotspur,2017-2018,Away,A,0.2626384496688843,0.24576860666275024,0.4915928840637207
Southampton,Chelsea,2017-2018,Away,A,0.31542643904685974,0.24868740141391754,0.4358861446380615
Southampton,Crystal Palace,2017-2018,Home,H,0.4674471914768219,0.2755012810230255,0.257051557302475
Southampton,West Ham United,2017-2018,Home,H,0.4864002764225006,0.29649749398231506,0.21710219979286194
Southampton,Stoke City,2017-2018,Home,H,0.49233168363571167,0.2823166847229004,0.22535164654254913
West Ham United,Watford,2017-2018,Home,H,0.44232794642448425,0.2973939776420593,0.2602781355381012
West Ham United,AFC Bournemouth,2017-2018,Home,H,0.37987759709358215,0.277004599571228,0.3431178629398346
West Ham United,Leicester City,2017-2018,Home,H,0.39833542704582214,0.2990410327911377,0.30262354016304016
West Ham United,Manchester United,2017-2018,Away,A,0.24348878860473633,0.22949756681919098,0.5270136594772339
West Ham United,Burnley,2017-2018,Home,H,0.4461236894130707,0.306891530752182,0.2469848394393921
West Ham United,Brighton and Hove Albion,2017-2018,Home,H,0.5219988822937012,0.23478388786315918,0.24321720004081726
West Ham United,Manchester City,2017-2018,Away,A,0.20374226570129395,0.2243855893611908,0.5718721151351929
West Ham United,Everton,2017-2018,Away,A,0.30916082859039307,0.28476482629776,0.4060743749141693
West Ham United,West Bromwich Albion,2017-2018,Home,H,0.4454035758972168,0.3029307425022125,0.25166574120521545
West Ham United,Huddersfield Town,2017-2018,Home,H,0.5219988822937012,0.23478388786315918,0.24321720004081726
West Ham United,Newcastle United,2017-2018,Home,H,0.4458954632282257,0.2875741124153137,0.26653045415878296
West Ham United,Arsenal,2017-2018,Away,A,0.22297419607639313,0.22258226573467255,0.5544435381889343
West Ham United,Swansea City,2017-2018,Home,H,0.4375229477882385,0.277673602104187,0.2848033905029297
West Ham United,Liverpool,2017-2018,Away,A,0.20914997160434723,0.2254701405763626,0.5653798580169678
West Ham United,Tottenham Hotspur,2017-2018,Away,A,0.20710302889347076,0.23607295751571655,0.5568239688873291
West Ham United,Chelsea,2017-2018,Away,A,0.23198960721492767,0.2298355996608734,0.5381748080253601
West Ham United,Crystal Palace,2017-2018,Home,H,0.4102739095687866,0.27735769748687744,0.31236839294433594
West Ham United,Southampton,2017-2018,Away,A,0.32270628213882446,0.2748859226703644,0.40240782499313354
West Ham United,Stoke City,2017-2018,Home,H,0.3940209746360779,0.3117138147354126,0.2942652106285095
Stoke City,Watford,2017-2018,Home,H,0.4655921459197998,0.28495174646377563,0.24945612251758575
Stoke City,AFC Bournemouth,2017-2018,Home,H,0.4092891812324524,0.2694961726665497,0.32121458649635315
Stoke City,Leicester City,2017-2018,Home,H,0.42262449860572815,0.2829885184764862,0.29438701272010803
Stoke City,Manchester United,2017-2018,Away,A,0.27230656147003174,0.25833752751350403,0.46935588121414185
Stoke City,Burnley,2017-2018,Home,H,0.46123412251472473,0.2968776524066925,0.24188819527626038
Stoke City,Brighton and Hove Albion,2017-2018,Home,H,0.5463346242904663,0.20371349155902863,0.2499518245458603
Stoke City,Manchester City,2017-2018,Away,A,0.2287105917930603,0.23292066156864166,0.5383687615394592
Stoke City,Everton,2017-2018,Away,A,0.3424275517463684,0.26662883162498474,0.39094358682632446
Stoke City,West Bromwich Albion,2017-2018,Home,H,0.4502435326576233,0.29914993047714233,0.25060656666755676
Stoke City,Huddersfield Town,2017-2018,Home,H,0.5463346242904663,0.20371349155902863,0.2499518245458603
Stoke City,Newcastle United,2017-2018,Home,H,0.4571211338043213,0.28716638684272766,0.2557125389575958
Stoke City,Arsenal,2017-2018,Away,A,0.2509673833847046,0.23237347602844238,0.5166592001914978
Stoke City,Swansea City,2017-2018,Home,H,0.4421074688434601,0.26345354318618774,0.29443901777267456
Stoke City,Liverpool,2017-2018,Away,A,0.23236368596553802,0.22711443901062012,0.5405219197273254
Stoke City,Tottenham Hotspur,2017-2018,Away,A,0.2279474288225174,0.23416784405708313,0.5378847122192383
Stoke City,Chelsea,2017-2018,Away,A,0.2663934528827667,0.2340065836906433,0.49960002303123474
Stoke City,Crystal Palace,2017-2018,Home,H,0.43590399622917175,0.26721280813217163,0.2968832552433014
Stoke City,Southampton,2017-2018,Away,A,0.3500423729419708,0.2714315950870514,0.37852609157562256
Stoke City,West Ham United,2017-2018,Home,H,0.44165319204330444,0.2886575162410736,0.26968926191329956
